{"cameraMode":{"drawMode":0,"name":"Shaded","section":"Shading Mode"},"sceneLighting":true,"audioPlay":false,"sceneViewState":{"showFog":true,"showMaterialUpdate":false,"showSkybox":true,"showFlares":true,"showImageEffects":true,"showParticleSystems":true,"showVisualEffectGraphs":true,"m_FxEnabled":true},"in2DMode":false,"pivot":{"x":-14.764869689941407,"y":20.245407104492189,"z":9.865994453430176},"rotation":{"x":-0.040692053735256198,"y":0.7738864421844482,"z":-0.04999113082885742,"w":-0.6301363706588745},"size":11.565827369689942,"orthographic":false}